sampler_label,aggregate_report_count,average,aggregate_report_min,aggregate_report_max,aggregate_report_90%_line,aggregate_report_stddev,aggregate_report_error%,aggregate_report_rate,aggregate_report_bandwidth,average_bytes
HTTP Request,1162,15834,140,21021,21004,7059.2604648260285,1.0,22.467130703789636,56.97902316560325,2596.972461273666
TOTAL,1162,15834,140,21021,21004,7059.2604648260285,1.0,22.467130703789636,56.97902316560325,2596.972461273666
